Candidate,Feature_Set,Model_Stage,Repeat,Fold,Train_Accuracy,Validation_Accuracy,Validation_Precision,Validation_Recall,Validation_F1,Validation_ROC_AUC,Fit_Time_Seconds,Score_Time_Seconds
Clinical Logistic Regression,Clinical,Tuned,1,1,0.7368421052631579,0.8,0.75,0.75,0.75,0.9583333333333334,0.017600297927856445,0.028317928314208984
Clinical Logistic Regression,Clinical,Tuned,1,2,0.8421052631578947,0.5,0.4,0.5,0.4444444444444444,0.5833333333333334,0.010434150695800781,0.019017457962036133
Clinical Logistic Regression,Clinical,Tuned,1,3,0.7894736842105263,0.7,0.6,0.75,0.6666666666666666,0.7916666666666666,0.009933710098266602,0.018509387969970703
Clinical Logistic Regression,Clinical,Tuned,1,4,0.717948717948718,1.0,1.0,1.0,1.0,1.0,0.009828567504882812,0.017345666885375977
Clinical Logistic Regression,Clinical,Tuned,1,5,0.7435897435897436,0.8888888888888888,1.0,0.75,0.8571428571428571,0.925,0.009778022766113281,0.018146753311157227
Clinical Logistic Regression,Clinical,Tuned,2,1,0.8421052631578947,0.6,0.5,1.0,0.6666666666666666,0.9375,0.009328126907348633,0.017834901809692383
Clinical Logistic Regression,Clinical,Tuned,2,2,0.8157894736842105,0.5,0.3333333333333333,0.25,0.2857142857142857,0.6875,0.00951385498046875,0.017475128173828125
Clinical Logistic Regression,Clinical,Tuned,2,3,0.7894736842105263,0.8,1.0,0.5,0.6666666666666666,0.9166666666666667,0.008934497833251953,0.016801118850708008
Clinical Logistic Regression,Clinical,Tuned,2,4,0.717948717948718,1.0,1.0,1.0,1.0,1.0,0.009121417999267578,0.01727747917175293
Clinical Logistic Regression,Clinical,Tuned,2,5,0.7435897435897436,0.7777777777777778,0.75,0.75,0.75,0.8,0.008564233779907227,0.015809297561645508
Clinical Logistic Regression,Clinical,Tuned,3,1,0.7894736842105263,0.7,0.6,0.75,0.6666666666666666,0.7916666666666667,0.008271455764770508,0.015089273452758789
Clinical Logistic Regression,Clinical,Tuned,3,2,0.8157894736842105,0.7,0.5714285714285714,1.0,0.7272727272727273,0.6666666666666667,0.010863065719604492,0.020850658416748047
Clinical Logistic Regression,Clinical,Tuned,3,3,0.7631578947368421,0.8,0.75,0.75,0.75,0.7916666666666667,0.00822138786315918,0.014878273010253906
Clinical Logistic Regression,Clinical,Tuned,3,4,0.717948717948718,1.0,1.0,1.0,1.0,1.0,0.008785247802734375,0.014466285705566406
Clinical Logistic Regression,Clinical,Tuned,3,5,0.8461538461538461,0.4444444444444444,0.3333333333333333,0.25,0.2857142857142857,0.675,0.009068012237548828,0.01892566680908203
Clinical Logistic Regression,Clinical,Tuned,4,1,0.8157894736842105,0.7,0.5714285714285714,1.0,0.7272727272727273,0.625,0.008963584899902344,0.014330387115478516
Clinical Logistic Regression,Clinical,Tuned,4,2,0.7894736842105263,0.7,0.6666666666666666,0.5,0.5714285714285714,0.8541666666666666,0.008074522018432617,0.015418767929077148
Clinical Logistic Regression,Clinical,Tuned,4,3,0.7368421052631579,0.9,0.8,1.0,0.8888888888888888,0.9166666666666666,0.008129596710205078,0.014075517654418945
Clinical Logistic Regression,Clinical,Tuned,4,4,0.8205128205128205,0.5555555555555556,0.5,0.5,0.5,0.775,0.008897066116333008,0.013616085052490234
Clinical Logistic Regression,Clinical,Tuned,4,5,0.7435897435897436,0.8888888888888888,0.8,1.0,0.8888888888888888,0.9,0.010902643203735352,0.015175342559814453
Clinical Logistic Regression,Clinical,Tuned,5,1,0.7631578947368421,0.8,1.0,0.5,0.6666666666666666,0.9583333333333333,0.0077648162841796875,0.013552188873291016
Clinical Logistic Regression,Clinical,Tuned,5,2,0.868421052631579,0.3,0.2857142857142857,0.5,0.36363636363636365,0.5208333333333333,0.008455991744995117,0.01524043083190918
Clinical Logistic Regression,Clinical,Tuned,5,3,0.7368421052631579,0.8,0.6666666666666666,1.0,0.8,0.8333333333333334,0.010098457336425781,0.01529836654663086
Clinical Logistic Regression,Clinical,Tuned,5,4,0.7435897435897436,0.8888888888888888,0.8,1.0,0.8888888888888888,0.925,0.008532285690307617,0.013859033584594727
Clinical Logistic Regression,Clinical,Tuned,5,5,0.7692307692307693,0.7777777777777778,0.75,0.75,0.75,0.9249999999999999,0.00832366943359375,0.015248537063598633
Clinical Logistic Regression,Clinical,Tuned,6,1,0.8157894736842105,0.5,0.4,0.5,0.4444444444444444,0.6458333333333334,0.007634401321411133,0.013717412948608398
Clinical Logistic Regression,Clinical,Tuned,6,2,0.7631578947368421,0.8,0.75,0.75,0.75,0.9583333333333334,0.0076274871826171875,0.015072822570800781
Clinical Logistic Regression,Clinical,Tuned,6,3,0.7105263157894737,0.9,1.0,0.75,0.8571428571428571,0.9583333333333334,0.008697509765625,0.014503240585327148
Clinical Logistic Regression,Clinical,Tuned,6,4,0.7692307692307693,0.7777777777777778,0.75,0.75,0.75,0.875,0.008224010467529297,0.015677690505981445
Clinical Logistic Regression,Clinical,Tuned,6,5,0.8205128205128205,0.6666666666666666,0.5714285714285714,1.0,0.7272727272727273,0.825,0.009137630462646484,0.015624284744262695
Clinical Logistic Regression,Clinical,Tuned,7,1,0.7631578947368421,0.8,0.75,0.75,0.75,0.8958333333333334,0.009647369384765625,0.025165557861328125
Clinical Logistic Regression,Clinical,Tuned,7,2,0.8157894736842105,0.7,0.6666666666666666,0.5,0.5714285714285714,0.7916666666666667,0.008557796478271484,0.014841079711914062
Clinical Logistic Regression,Clinical,Tuned,7,3,0.7631578947368421,0.8,0.75,0.75,0.75,0.8333333333333334,0.009782552719116211,0.016316652297973633
Clinical Logistic Regression,Clinical,Tuned,7,4,0.8205128205128205,0.6666666666666666,0.6,0.75,0.6666666666666666,0.8,0.009679794311523438,0.01613616943359375
Clinical Logistic Regression,Clinical,Tuned,7,5,0.717948717948718,0.8888888888888888,0.8,1.0,0.8888888888888888,0.8,0.00929713249206543,0.015426158905029297
Clinical Logistic Regression,Clinical,Tuned,8,1,0.7105263157894737,1.0,1.0,1.0,1.0,1.0,0.009218454360961914,0.017008066177368164
Clinical Logistic Regression,Clinical,Tuned,8,2,0.7105263157894737,0.9,0.8,1.0,0.8888888888888888,0.8333333333333334,0.010706186294555664,0.0164031982421875
Clinical Logistic Regression,Clinical,Tuned,8,3,0.7894736842105263,0.4,0.0,0.0,0.0,0.6666666666666666,0.00847315788269043,0.016574382781982422
Clinical Logistic Regression,Clinical,Tuned,8,4,0.8461538461538461,0.5555555555555556,0.5,0.75,0.6,0.575,0.010277509689331055,0.015900611877441406
Clinical Logistic Regression,Clinical,Tuned,8,5,0.7692307692307693,0.6666666666666666,0.5714285714285714,1.0,0.7272727272727273,0.925,0.008747577667236328,0.01536870002746582
Clinical Logistic Regression,Clinical,Tuned,9,1,0.8421052631578947,0.6,0.5,0.25,0.3333333333333333,0.8125,0.00930023193359375,0.015527009963989258
Clinical Logistic Regression,Clinical,Tuned,9,2,0.7894736842105263,0.7,0.6,0.75,0.6666666666666666,0.7500000000000001,0.009147405624389648,0.015385866165161133
Clinical Logistic Regression,Clinical,Tuned,9,3,0.7368421052631579,0.8,0.6666666666666666,1.0,0.8,1.0,0.009297847747802734,0.016275644302368164
Clinical Logistic Regression,Clinical,Tuned,9,4,0.8205128205128205,0.5555555555555556,0.5,0.5,0.5,0.725,0.009210348129272461,0.014987945556640625
Clinical Logistic Regression,Clinical,Tuned,9,5,0.7692307692307693,0.7777777777777778,0.75,0.75,0.75,0.925,0.009626626968383789,0.015969276428222656
Clinical Logistic Regression,Clinical,Tuned,10,1,0.8421052631578947,0.8,0.6666666666666666,1.0,0.8,0.7083333333333334,0.00968480110168457,0.017370223999023438
Clinical Logistic Regression,Clinical,Tuned,10,2,0.7368421052631579,0.9,1.0,0.75,0.8571428571428571,1.0,0.010048151016235352,0.021086454391479492
Clinical Logistic Regression,Clinical,Tuned,10,3,0.7894736842105263,0.6,0.5,0.5,0.5,0.6666666666666666,0.00961446762084961,0.01683950424194336
Clinical Logistic Regression,Clinical,Tuned,10,4,0.8461538461538461,0.4444444444444444,0.42857142857142855,0.75,0.5454545454545454,0.49999999999999994,0.010234355926513672,0.021734952926635742
Clinical Logistic Regression,Clinical,Tuned,10,5,0.7435897435897436,1.0,1.0,1.0,1.0,1.0,0.009286880493164062,0.018555641174316406
Clinical Random Forest,Clinical,Tuned,1,1,0.8421052631578947,0.9,0.8,1.0,0.8888888888888888,0.9166666666666667,0.4992520809173584,0.09875154495239258
Clinical Random Forest,Clinical,Tuned,1,2,0.9210526315789473,0.4,0.3333333333333333,0.5,0.4,0.5833333333333334,0.5165395736694336,0.1025400161743164
Clinical Random Forest,Clinical,Tuned,1,3,0.868421052631579,0.8,0.6666666666666666,1.0,0.8,0.8333333333333334,0.4887688159942627,0.10181236267089844
Clinical Random Forest,Clinical,Tuned,1,4,0.7948717948717948,0.8888888888888888,0.8,1.0,0.8888888888888888,0.9500000000000001,0.4834163188934326,0.09970879554748535
Clinical Random Forest,Clinical,Tuned,1,5,0.8717948717948718,0.7777777777777778,0.75,0.75,0.75,0.85,0.47106289863586426,0.1037454605102539
Clinical Random Forest,Clinical,Tuned,2,1,0.868421052631579,0.6,0.5,1.0,0.6666666666666666,0.625,0.45319104194641113,0.11594533920288086
Clinical Random Forest,Clinical,Tuned,2,2,0.868421052631579,0.7,0.6666666666666666,0.5,0.5714285714285714,0.7500000000000001,0.47357892990112305,0.10448741912841797
Clinical Random Forest,Clinical,Tuned,2,3,0.868421052631579,0.6,0.5,0.25,0.3333333333333333,0.7916666666666667,0.4675791263580322,0.09716391563415527
Clinical Random Forest,Clinical,Tuned,2,4,0.7948717948717948,1.0,1.0,1.0,1.0,1.0,0.4460415840148926,0.09826302528381348
Clinical Random Forest,Clinical,Tuned,2,5,0.8205128205128205,0.8888888888888888,0.8,1.0,0.8888888888888888,0.9,0.48361635208129883,0.09942770004272461
Clinical Random Forest,Clinical,Tuned,3,1,0.868421052631579,0.7,0.6,0.75,0.6666666666666666,0.7916666666666667,0.4381093978881836,0.0974729061126709
Clinical Random Forest,Clinical,Tuned,3,2,0.8421052631578947,0.8,0.6666666666666666,1.0,0.8,0.9583333333333334,0.44771742820739746,0.09972119331359863
Clinical Random Forest,Clinical,Tuned,3,3,0.8421052631578947,0.8,0.75,0.75,0.75,0.8333333333333334,0.4753847122192383,0.09856867790222168
Clinical Random Forest,Clinical,Tuned,3,4,0.7948717948717948,0.8888888888888888,0.8,1.0,0.8888888888888888,1.0,0.7267482280731201,0.09839272499084473
Clinical Random Forest,Clinical,Tuned,3,5,0.8461538461538461,0.5555555555555556,0.5,0.5,0.5,0.7,0.45221710205078125,0.10382461547851562
Clinical Random Forest,Clinical,Tuned,4,1,0.8421052631578947,0.6,0.5,0.75,0.6,0.75,0.43731045722961426,0.10059070587158203
Clinical Random Forest,Clinical,Tuned,4,2,0.8157894736842105,0.7,0.6666666666666666,0.5,0.5714285714285714,0.9166666666666667,0.4360668659210205,0.09609365463256836
Clinical Random Forest,Clinical,Tuned,4,3,0.7894736842105263,0.9,0.8,1.0,0.8888888888888888,1.0,0.4237937927246094,0.10064482688903809
Clinical Random Forest,Clinical,Tuned,4,4,0.8974358974358975,0.6666666666666666,0.6,0.75,0.6666666666666666,0.8,0.4158205986022949,0.09436941146850586
Clinical Random Forest,Clinical,Tuned,4,5,0.8205128205128205,0.8888888888888888,0.8,1.0,0.8888888888888888,0.8500000000000001,0.44663214683532715,0.09973812103271484
Clinical Random Forest,Clinical,Tuned,5,1,0.7894736842105263,0.8,1.0,0.5,0.6666666666666666,0.9166666666666667,0.4595162868499756,0.10341429710388184
Clinical Random Forest,Clinical,Tuned,5,2,0.9210526315789473,0.4,0.375,0.75,0.5,0.625,0.45264506340026855,0.0981144905090332
Clinical Random Forest,Clinical,Tuned,5,3,0.8157894736842105,0.9,0.8,1.0,0.8888888888888888,0.9583333333333334,0.4388730525970459,0.10024023056030273
Clinical Random Forest,Clinical,Tuned,5,4,0.8461538461538461,0.8888888888888888,0.8,1.0,0.8888888888888888,0.8500000000000001,0.4375145435333252,0.09600067138671875
Clinical Random Forest,Clinical,Tuned,5,5,0.8205128205128205,0.7777777777777778,0.75,0.75,0.75,0.8500000000000001,0.41751909255981445,0.09316778182983398
Clinical Random Forest,Clinical,Tuned,6,1,0.868421052631579,0.5,0.42857142857142855,0.75,0.5454545454545454,0.625,0.4342787265777588,0.10017657279968262
Clinical Random Forest,Clinical,Tuned,6,2,0.868421052631579,0.9,0.8,1.0,0.8888888888888888,0.875,0.4273664951324463,0.09654450416564941
Clinical Random Forest,Clinical,Tuned,6,3,0.7894736842105263,1.0,1.0,1.0,1.0,1.0,0.4234123229980469,0.09797239303588867
Clinical Random Forest,Clinical,Tuned,6,4,0.7948717948717948,0.7777777777777778,0.75,0.75,0.75,0.9500000000000001,0.4125547409057617,0.0982968807220459
Clinical Random Forest,Clinical,Tuned,6,5,0.8974358974358975,0.5555555555555556,0.5,0.75,0.6,0.55,0.4534468650817871,0.09826040267944336
Clinical Random Forest,Clinical,Tuned,7,1,0.868421052631579,0.6,0.5,0.5,0.5,0.75,0.4564950466156006,0.09732747077941895
Clinical Random Forest,Clinical,Tuned,7,2,0.8421052631578947,0.7,0.6666666666666666,0.5,0.5714285714285714,0.9166666666666667,0.44803667068481445,0.098297119140625
Clinical Random Forest,Clinical,Tuned,7,3,0.8157894736842105,0.8,0.75,0.75,0.75,0.875,0.4482400417327881,0.09960317611694336
Clinical Random Forest,Clinical,Tuned,7,4,0.8717948717948718,0.7777777777777778,0.6666666666666666,1.0,0.8,0.8,0.44594907760620117,0.10241556167602539
Clinical Random Forest,Clinical,Tuned,7,5,0.8205128205128205,0.8888888888888888,0.8,1.0,0.8888888888888888,0.9500000000000001,0.4681563377380371,0.09723544120788574
Clinical Random Forest,Clinical,Tuned,8,1,0.7894736842105263,1.0,1.0,1.0,1.0,1.0,0.4395778179168701,0.09837031364440918
Clinical Random Forest,Clinical,Tuned,8,2,0.7894736842105263,0.9,0.8,1.0,0.8888888888888888,1.0,0.431196928024292,0.09743523597717285
Clinical Random Forest,Clinical,Tuned,8,3,0.868421052631579,0.5,0.3333333333333333,0.25,0.2857142857142857,0.7083333333333334,0.43146467208862305,0.09753942489624023
Clinical Random Forest,Clinical,Tuned,8,4,0.8974358974358975,0.4444444444444444,0.4,0.5,0.4444444444444444,0.5,0.4417877197265625,0.09996438026428223
Clinical Random Forest,Clinical,Tuned,8,5,0.8461538461538461,0.6666666666666666,0.6,0.75,0.6666666666666666,0.75,0.44951677322387695,0.09867334365844727
Clinical Random Forest,Clinical,Tuned,9,1,0.7894736842105263,0.9,0.8,1.0,0.8888888888888888,1.0,0.4427330493927002,0.1005849838256836
Clinical Random Forest,Clinical,Tuned,9,2,0.8421052631578947,0.6,0.5,0.5,0.5,0.625,0.43808746337890625,0.10008478164672852
Clinical Random Forest,Clinical,Tuned,9,3,0.8421052631578947,0.8,0.6666666666666666,1.0,0.8,0.8333333333333334,0.4531228542327881,0.09721684455871582
Clinical Random Forest,Clinical,Tuned,9,4,0.8205128205128205,0.7777777777777778,0.75,0.75,0.75,0.8,0.45981621742248535,0.09379911422729492
Clinical Random Forest,Clinical,Tuned,9,5,0.8205128205128205,0.7777777777777778,0.75,0.75,0.75,0.9,0.4334259033203125,0.09714198112487793
Clinical Random Forest,Clinical,Tuned,10,1,0.868421052631579,0.7,0.6,0.75,0.6666666666666666,0.7500000000000001,0.4371652603149414,0.09529590606689453
Clinical Random Forest,Clinical,Tuned,10,2,0.7894736842105263,0.9,1.0,0.75,0.8571428571428571,0.9583333333333334,0.4258706569671631,0.09662342071533203
Clinical Random Forest,Clinical,Tuned,10,3,0.868421052631579,0.7,0.6,0.75,0.6666666666666666,0.75,0.4256858825683594,0.09771990776062012
Clinical Random Forest,Clinical,Tuned,10,4,0.8717948717948718,0.4444444444444444,0.42857142857142855,0.75,0.5454545454545454,0.65,0.43032050132751465,0.09407258033752441
Clinical Random Forest,Clinical,Tuned,10,5,0.8461538461538461,0.8888888888888888,1.0,0.75,0.8571428571428571,1.0,0.43477368354797363,0.09568428993225098
Clinical Support Vector Machine,Clinical,Tuned,1,1,0.5789473684210527,0.6,0.0,0.0,0.0,0.875,0.008366584777832031,0.01508474349975586
Clinical Support Vector Machine,Clinical,Tuned,1,2,0.5789473684210527,0.6,0.0,0.0,0.0,0.5,0.00928044319152832,0.013947725296020508
Clinical Support Vector Machine,Clinical,Tuned,1,3,0.5789473684210527,0.6,0.0,0.0,0.0,0.8333333333333334,0.011685848236083984,0.015620946884155273
Clinical Support Vector Machine,Clinical,Tuned,1,4,0.41025641025641024,0.4444444444444444,0.4444444444444444,1.0,0.6153846153846154,1.0,0.00863957405090332,0.014921188354492188
Clinical Support Vector Machine,Clinical,Tuned,1,5,0.41025641025641024,0.4444444444444444,0.4444444444444444,1.0,0.6153846153846154,0.9500000000000001,0.009923458099365234,0.014458179473876953
Clinical Support Vector Machine,Clinical,Tuned,2,1,0.5789473684210527,0.6,0.0,0.0,0.0,0.9166666666666667,0.008848905563354492,0.016045331954956055
Clinical Support Vector Machine,Clinical,Tuned,2,2,0.5789473684210527,0.6,0.0,0.0,0.0,0.7083333333333334,0.008559942245483398,0.014295816421508789
Clinical Support Vector Machine,Clinical,Tuned,2,3,0.5789473684210527,0.6,0.0,0.0,0.0,0.6666666666666667,0.009119033813476562,0.016225099563598633
Clinical Support Vector Machine,Clinical,Tuned,2,4,0.41025641025641024,0.4444444444444444,0.4444444444444444,1.0,0.6153846153846154,1.0,0.009884119033813477,0.014731884002685547
Clinical Support Vector Machine,Clinical,Tuned,2,5,0.41025641025641024,0.4444444444444444,0.4444444444444444,1.0,0.6153846153846154,0.8,0.00867319107055664,0.014812946319580078
Clinical Support Vector Machine,Clinical,Tuned,3,1,0.5789473684210527,0.6,0.0,0.0,0.0,0.7083333333333334,0.008872270584106445,0.01605987548828125
Clinical Support Vector Machine,Clinical,Tuned,3,2,0.5789473684210527,0.6,0.0,0.0,0.0,0.8333333333333334,0.008446931838989258,0.014377117156982422
Clinical Support Vector Machine,Clinical,Tuned,3,3,0.5789473684210527,0.6,0.0,0.0,0.0,0.7916666666666666,0.009226799011230469,0.015317678451538086
Clinical Support Vector Machine,Clinical,Tuned,3,4,0.41025641025641024,0.4444444444444444,0.4444444444444444,1.0,0.6153846153846154,1.0,0.008665800094604492,0.015537500381469727
Clinical Support Vector Machine,Clinical,Tuned,3,5,0.41025641025641024,0.4444444444444444,0.4444444444444444,1.0,0.6153846153846154,0.7,0.009396553039550781,0.0149078369140625
Clinical Support Vector Machine,Clinical,Tuned,4,1,0.5789473684210527,0.6,0.0,0.0,0.0,0.75,0.00899648666381836,0.0147247314453125
Clinical Support Vector Machine,Clinical,Tuned,4,2,0.5789473684210527,0.6,0.0,0.0,0.0,0.9166666666666667,0.009063005447387695,0.015973806381225586
Clinical Support Vector Machine,Clinical,Tuned,4,3,0.5789473684210527,0.6,0.0,0.0,0.0,0.875,0.008877038955688477,0.015350818634033203
Clinical Support Vector Machine,Clinical,Tuned,4,4,0.41025641025641024,0.4444444444444444,0.4444444444444444,1.0,0.6153846153846154,0.8,0.008572101593017578,0.01484227180480957
Clinical Support Vector Machine,Clinical,Tuned,4,5,0.41025641025641024,0.4444444444444444,0.4444444444444444,1.0,0.6153846153846154,0.9,0.009233951568603516,0.016337871551513672
Clinical Support Vector Machine,Clinical,Tuned,5,1,0.5789473684210527,0.6,0.0,0.0,0.0,0.9166666666666667,0.00860595703125,0.016927719116210938
Clinical Support Vector Machine,Clinical,Tuned,5,2,0.5789473684210527,0.6,0.0,0.0,0.0,0.5416666666666667,0.009702682495117188,0.014763355255126953
Clinical Support Vector Machine,Clinical,Tuned,5,3,0.5789473684210527,0.6,0.0,0.0,0.0,0.875,0.010416746139526367,0.016089439392089844
Clinical Support Vector Machine,Clinical,Tuned,5,4,0.41025641025641024,0.4444444444444444,0.4444444444444444,1.0,0.6153846153846154,0.9,0.00959014892578125,0.016223907470703125
Clinical Support Vector Machine,Clinical,Tuned,5,5,0.41025641025641024,0.4444444444444444,0.4444444444444444,1.0,0.6153846153846154,0.9500000000000001,0.009289741516113281,0.019005537033081055
Clinical Support Vector Machine,Clinical,Tuned,6,1,0.5789473684210527,0.6,0.0,0.0,0.0,0.7083333333333333,0.008479118347167969,0.014249086380004883
Clinical Support Vector Machine,Clinical,Tuned,6,2,0.5789473684210527,0.6,0.0,0.0,0.0,0.9166666666666667,0.008917093276977539,0.016677379608154297
Clinical Support Vector Machine,Clinical,Tuned,6,3,0.5789473684210527,0.6,0.0,0.0,0.0,1.0,0.008715152740478516,0.016597270965576172
Clinical Support Vector Machine,Clinical,Tuned,6,4,0.41025641025641024,0.4444444444444444,0.4444444444444444,1.0,0.6153846153846154,0.8500000000000001,0.009289026260375977,0.016180992126464844
Clinical Support Vector Machine,Clinical,Tuned,6,5,0.41025641025641024,0.4444444444444444,0.4444444444444444,1.0,0.6153846153846154,0.7,0.009686708450317383,0.017154455184936523
Clinical Support Vector Machine,Clinical,Tuned,7,1,0.5789473684210527,0.6,0.0,0.0,0.0,0.75,0.008764505386352539,0.015475273132324219
Clinical Support Vector Machine,Clinical,Tuned,7,2,0.5789473684210527,0.6,0.0,0.0,0.0,0.8333333333333334,0.009076118469238281,0.014775991439819336
Clinical Support Vector Machine,Clinical,Tuned,7,3,0.5789473684210527,0.6,0.0,0.0,0.0,0.875,0.00905156135559082,0.014509201049804688
Clinical Support Vector Machine,Clinical,Tuned,7,4,0.41025641025641024,0.4444444444444444,0.4444444444444444,1.0,0.6153846153846154,0.75,0.009327173233032227,0.01724553108215332
Clinical Support Vector Machine,Clinical,Tuned,7,5,0.41025641025641024,0.4444444444444444,0.4444444444444444,1.0,0.6153846153846154,0.8500000000000001,0.008998394012451172,0.016497135162353516
Clinical Support Vector Machine,Clinical,Tuned,8,1,0.5789473684210527,0.6,0.0,0.0,0.0,0.9583333333333334,0.00890660285949707,0.015779972076416016
Clinical Support Vector Machine,Clinical,Tuned,8,2,0.5789473684210527,0.6,0.0,0.0,0.0,0.875,0.008982658386230469,0.015609979629516602
Clinical Support Vector Machine,Clinical,Tuned,8,3,0.5789473684210527,0.6,0.0,0.0,0.0,0.7500000000000001,0.008325338363647461,0.015227317810058594
Clinical Support Vector Machine,Clinical,Tuned,8,4,0.41025641025641024,0.4444444444444444,0.4444444444444444,1.0,0.6153846153846154,0.55,0.009018421173095703,0.014785528182983398
Clinical Support Vector Machine,Clinical,Tuned,8,5,0.41025641025641024,0.4444444444444444,0.4444444444444444,1.0,0.6153846153846154,0.8,0.00901484489440918,0.017007827758789062
Clinical Support Vector Machine,Clinical,Tuned,9,1,0.5789473684210527,0.6,0.0,0.0,0.0,0.9166666666666667,0.009619712829589844,0.018666505813598633
Clinical Support Vector Machine,Clinical,Tuned,9,2,0.5789473684210527,0.6,0.0,0.0,0.0,0.6666666666666667,0.009321928024291992,0.01665973663330078
Clinical Support Vector Machine,Clinical,Tuned,9,3,0.5789473684210527,0.6,0.0,0.0,0.0,1.0,0.009297609329223633,0.016016721725463867
Clinical Support Vector Machine,Clinical,Tuned,9,4,0.41025641025641024,0.4444444444444444,0.4444444444444444,1.0,0.6153846153846154,0.7,0.008840322494506836,0.014692544937133789
Clinical Support Vector Machine,Clinical,Tuned,9,5,0.41025641025641024,0.4444444444444444,0.4444444444444444,1.0,0.6153846153846154,0.8,0.011028766632080078,0.018690824508666992
Clinical Support Vector Machine,Clinical,Tuned,10,1,0.5789473684210527,0.6,0.0,0.0,0.0,0.7500000000000001,0.009872913360595703,0.016424179077148438
Clinical Support Vector Machine,Clinical,Tuned,10,2,0.5789473684210527,0.6,0.0,0.0,0.0,0.9166666666666667,0.010203361511230469,0.01841878890991211
Clinical Support Vector Machine,Clinical,Tuned,10,3,0.5789473684210527,0.6,0.0,0.0,0.0,0.8333333333333334,0.009392499923706055,0.016932249069213867
Clinical Support Vector Machine,Clinical,Tuned,10,4,0.41025641025641024,0.4444444444444444,0.4444444444444444,1.0,0.6153846153846154,0.5499999999999999,0.009492874145507812,0.016178607940673828
Clinical Support Vector Machine,Clinical,Tuned,10,5,0.41025641025641024,0.4444444444444444,0.4444444444444444,1.0,0.6153846153846154,1.0,0.008790969848632812,0.015566110610961914
Multimodal XGBoost,Multimodal,Tuned,1,1,0.5789473684210527,0.6,0.0,0.0,0.0,0.8333333333333334,0.036773681640625,0.024481773376464844
Multimodal XGBoost,Multimodal,Tuned,1,2,0.8421052631578947,0.5,0.3333333333333333,0.25,0.2857142857142857,0.5208333333333334,0.03856301307678223,0.02681756019592285
Multimodal XGBoost,Multimodal,Tuned,1,3,0.5789473684210527,0.6,0.0,0.0,0.0,0.7916666666666666,0.03961515426635742,0.026105642318725586
Multimodal XGBoost,Multimodal,Tuned,1,4,0.5897435897435898,0.5555555555555556,0.0,0.0,0.0,1.0,0.03977775573730469,0.03170156478881836
Multimodal XGBoost,Multimodal,Tuned,1,5,0.5897435897435898,0.5555555555555556,0.0,0.0,0.0,0.8500000000000001,0.034416913986206055,0.024358272552490234
Multimodal XGBoost,Multimodal,Tuned,2,1,0.8421052631578947,0.6,0.5,1.0,0.6666666666666666,0.6666666666666667,0.037979841232299805,0.023692607879638672
Multimodal XGBoost,Multimodal,Tuned,2,2,0.7631578947368421,0.6,0.0,0.0,0.0,0.6041666666666667,0.03830265998840332,0.02387070655822754
Multimodal XGBoost,Multimodal,Tuned,2,3,0.5789473684210527,0.6,0.0,0.0,0.0,0.875,0.03631711006164551,0.024318218231201172
Multimodal XGBoost,Multimodal,Tuned,2,4,0.5897435897435898,0.5555555555555556,0.0,0.0,0.0,0.9500000000000001,0.039446115493774414,0.02552938461303711
Multimodal XGBoost,Multimodal,Tuned,2,5,0.5897435897435898,0.5555555555555556,0.0,0.0,0.0,0.825,0.03936934471130371,0.025310277938842773
Multimodal XGBoost,Multimodal,Tuned,3,1,0.5789473684210527,0.6,0.0,0.0,0.0,0.8333333333333334,0.037546396255493164,0.025676250457763672
Multimodal XGBoost,Multimodal,Tuned,3,2,0.5789473684210527,0.6,0.0,0.0,0.0,1.0,0.036858320236206055,0.02342534065246582
Multimodal XGBoost,Multimodal,Tuned,3,3,0.7368421052631579,0.5,0.0,0.0,0.0,0.8333333333333334,0.03869175910949707,0.024123191833496094
Multimodal XGBoost,Multimodal,Tuned,3,4,0.5897435897435898,0.5555555555555556,0.0,0.0,0.0,1.0,0.03847837448120117,0.024965763092041016
Multimodal XGBoost,Multimodal,Tuned,3,5,0.8205128205128205,0.4444444444444444,0.3333333333333333,0.25,0.2857142857142857,0.6,0.03666186332702637,0.024161577224731445
Multimodal XGBoost,Multimodal,Tuned,4,1,0.5789473684210527,0.6,0.0,0.0,0.0,0.8541666666666666,0.03551840782165527,0.02367687225341797
Multimodal XGBoost,Multimodal,Tuned,4,2,0.5789473684210527,0.6,0.0,0.0,0.0,0.8541666666666667,0.038950443267822266,0.030049562454223633
Multimodal XGBoost,Multimodal,Tuned,4,3,0.5789473684210527,0.6,0.0,0.0,0.0,0.9583333333333334,0.03504467010498047,0.024368762969970703
Multimodal XGBoost,Multimodal,Tuned,4,4,0.5897435897435898,0.5555555555555556,0.0,0.0,0.0,0.6499999999999999,0.037106990814208984,0.03341555595397949
Multimodal XGBoost,Multimodal,Tuned,4,5,0.5897435897435898,0.5555555555555556,0.0,0.0,0.0,0.85,0.04216909408569336,0.024541378021240234
Multimodal XGBoost,Multimodal,Tuned,5,1,0.5789473684210527,0.6,0.0,0.0,0.0,0.9583333333333334,0.036359310150146484,0.024437665939331055
Multimodal XGBoost,Multimodal,Tuned,5,2,0.8947368421052632,0.4,0.375,0.75,0.5,0.4791666666666667,0.038865089416503906,0.02584362030029297
Multimodal XGBoost,Multimodal,Tuned,5,3,0.5789473684210527,0.6,0.0,0.0,0.0,0.9166666666666666,0.035712242126464844,0.02296161651611328
Multimodal XGBoost,Multimodal,Tuned,5,4,0.5897435897435898,0.5555555555555556,0.0,0.0,0.0,0.8500000000000001,0.03672528266906738,0.02984929084777832
Multimodal XGBoost,Multimodal,Tuned,5,5,0.5897435897435898,0.5555555555555556,0.0,0.0,0.0,0.8,0.03704237937927246,0.028359651565551758
Multimodal XGBoost,Multimodal,Tuned,6,1,0.868421052631579,0.5,0.42857142857142855,0.75,0.5454545454545454,0.6875,0.03856396675109863,0.024692535400390625
Multimodal XGBoost,Multimodal,Tuned,6,2,0.5789473684210527,0.6,0.0,0.0,0.0,0.9375,0.03636479377746582,0.02562713623046875
Multimodal XGBoost,Multimodal,Tuned,6,3,0.5789473684210527,0.6,0.0,0.0,0.0,1.0,0.032532453536987305,0.024289369583129883
Multimodal XGBoost,Multimodal,Tuned,6,4,0.5897435897435898,0.5555555555555556,0.0,0.0,0.0,0.925,0.03513360023498535,0.02394247055053711
Multimodal XGBoost,Multimodal,Tuned,6,5,0.5897435897435898,0.5555555555555556,0.0,0.0,0.0,0.55,0.03574967384338379,0.024923324584960938
Multimodal XGBoost,Multimodal,Tuned,7,1,0.5789473684210527,0.6,0.0,0.0,0.0,0.8333333333333334,0.0400846004486084,0.024587631225585938
Multimodal XGBoost,Multimodal,Tuned,7,2,0.5789473684210527,0.6,0.0,0.0,0.0,0.8125,0.04928255081176758,0.025905609130859375
Multimodal XGBoost,Multimodal,Tuned,7,3,0.5789473684210527,0.6,0.0,0.0,0.0,0.8333333333333334,0.04071807861328125,0.02386307716369629
Multimodal XGBoost,Multimodal,Tuned,7,4,0.5897435897435898,0.5555555555555556,0.0,0.0,0.0,0.725,0.037709951400756836,0.026655197143554688
Multimodal XGBoost,Multimodal,Tuned,7,5,0.5897435897435898,0.5555555555555556,0.0,0.0,0.0,0.9750000000000001,0.03497052192687988,0.024214982986450195
Multimodal XGBoost,Multimodal,Tuned,8,1,0.5789473684210527,0.6,0.0,0.0,0.0,1.0,0.03393149375915527,0.024729490280151367
Multimodal XGBoost,Multimodal,Tuned,8,2,0.5789473684210527,0.6,0.0,0.0,0.0,0.8125,0.0338587760925293,0.024585723876953125
Multimodal XGBoost,Multimodal,Tuned,8,3,0.5789473684210527,0.6,0.0,0.0,0.0,0.7500000000000001,0.037091732025146484,0.023689746856689453
Multimodal XGBoost,Multimodal,Tuned,8,4,0.7692307692307693,0.4444444444444444,0.0,0.0,0.0,0.5,0.04688739776611328,0.027055025100708008
Multimodal XGBoost,Multimodal,Tuned,8,5,0.5897435897435898,0.5555555555555556,0.0,0.0,0.0,0.775,0.037827253341674805,0.023876428604125977
Multimodal XGBoost,Multimodal,Tuned,9,1,0.5789473684210527,0.6,0.0,0.0,0.0,0.8125,0.03756904602050781,0.028458595275878906
Multimodal XGBoost,Multimodal,Tuned,9,2,0.5789473684210527,0.6,0.0,0.0,0.0,0.8125,0.03729748725891113,0.025572538375854492
Multimodal XGBoost,Multimodal,Tuned,9,3,0.5789473684210527,0.6,0.0,0.0,0.0,0.7916666666666667,0.037171363830566406,0.025356054306030273
Multimodal XGBoost,Multimodal,Tuned,9,4,0.5897435897435898,0.5555555555555556,0.0,0.0,0.0,0.625,0.03874397277832031,0.02541065216064453
Multimodal XGBoost,Multimodal,Tuned,9,5,0.5897435897435898,0.5555555555555556,0.0,0.0,0.0,0.7250000000000001,0.033834218978881836,0.023869752883911133
Multimodal XGBoost,Multimodal,Tuned,10,1,0.5789473684210527,0.6,0.0,0.0,0.0,0.7083333333333333,0.048293113708496094,0.044428348541259766
Multimodal XGBoost,Multimodal,Tuned,10,2,0.5789473684210527,0.6,0.0,0.0,0.0,0.875,0.06852507591247559,0.04451608657836914
Multimodal XGBoost,Multimodal,Tuned,10,3,0.5789473684210527,0.6,0.0,0.0,0.0,0.7916666666666666,0.06948113441467285,0.04583430290222168
Multimodal XGBoost,Multimodal,Tuned,10,4,0.8461538461538461,0.4444444444444444,0.42857142857142855,0.75,0.5454545454545454,0.475,0.07025742530822754,0.044426918029785156
Multimodal XGBoost,Multimodal,Tuned,10,5,0.5897435897435898,0.5555555555555556,0.0,0.0,0.0,0.95,0.07229232788085938,0.04556727409362793
