Candidate,Feature_Set,Repeat,Fold,Train_Accuracy,Validation_Accuracy,Validation_Precision,Validation_Recall,Validation_F1,Validation_ROC_AUC,Fit_Time_Seconds,Score_Time_Seconds
Clinical Logistic Regression,Clinical,1,1,1.0,0.8,0.75,0.75,0.75,0.7916666666666667,0.015241622924804688,0.016193628311157227
Clinical Logistic Regression,Clinical,1,2,1.0,0.4,0.25,0.25,0.25,0.5,0.011472940444946289,0.013312816619873047
Clinical Logistic Regression,Clinical,1,3,1.0,0.8,0.6666666666666666,1.0,0.8,0.7916666666666667,0.01215362548828125,0.015435457229614258
Clinical Logistic Regression,Clinical,1,4,1.0,0.7777777777777778,1.0,0.5,0.6666666666666666,0.7,0.012050151824951172,0.013701438903808594
Clinical Logistic Regression,Clinical,1,5,1.0,0.7777777777777778,0.75,0.75,0.75,0.7000000000000001,0.013061046600341797,0.015600919723510742
Clinical Logistic Regression,Clinical,2,1,1.0,0.6,0.5,1.0,0.6666666666666666,0.8333333333333334,0.010526180267333984,0.01596212387084961
Clinical Logistic Regression,Clinical,2,2,1.0,0.6,0.5,0.5,0.5,0.625,0.010932683944702148,0.013185262680053711
Clinical Logistic Regression,Clinical,2,3,1.0,0.7,0.6,0.75,0.6666666666666666,0.625,0.011290550231933594,0.014475345611572266
Clinical Logistic Regression,Clinical,2,4,1.0,0.8888888888888888,0.8,1.0,0.8888888888888888,1.0,0.012351512908935547,0.014428377151489258
Clinical Logistic Regression,Clinical,2,5,1.0,0.6666666666666666,0.6666666666666666,0.5,0.5714285714285714,0.7,0.01137852668762207,0.013443470001220703
Clinical Logistic Regression,Clinical,3,1,1.0,0.5,0.3333333333333333,0.25,0.2857142857142857,0.5,0.012720346450805664,0.014162540435791016
Clinical Logistic Regression,Clinical,3,2,1.0,0.7,0.6,0.75,0.6666666666666666,0.8333333333333334,0.011274099349975586,0.013863325119018555
Clinical Logistic Regression,Clinical,3,3,0.9736842105263158,0.7,0.6,0.75,0.6666666666666666,0.8333333333333334,0.012195110321044922,0.015417098999023438
Clinical Logistic Regression,Clinical,3,4,1.0,0.6666666666666666,1.0,0.25,0.4,0.85,0.011963605880737305,0.01387643814086914
Clinical Logistic Regression,Clinical,3,5,0.9743589743589743,0.7777777777777778,0.75,0.75,0.75,0.8500000000000001,0.013430118560791016,0.015151262283325195
Clinical Logistic Regression,Clinical,4,1,1.0,0.7,0.6,0.75,0.6666666666666666,0.7083333333333334,0.013700485229492188,0.013539552688598633
Clinical Logistic Regression,Clinical,4,2,0.9736842105263158,0.7,0.6666666666666666,0.5,0.5714285714285714,0.8333333333333334,0.012188434600830078,0.015228986740112305
Clinical Logistic Regression,Clinical,4,3,1.0,0.9,0.8,1.0,0.8888888888888888,0.875,0.013149023056030273,0.01448512077331543
Clinical Logistic Regression,Clinical,4,4,0.9743589743589743,0.6666666666666666,0.6,0.75,0.6666666666666666,0.85,0.014456748962402344,0.014495611190795898
Clinical Logistic Regression,Clinical,4,5,0.9743589743589743,0.8888888888888888,0.8,1.0,0.8888888888888888,0.9,0.013576507568359375,0.013978004455566406
Clinical Logistic Regression,Clinical,5,1,1.0,0.8,1.0,0.5,0.6666666666666666,0.875,0.012830018997192383,0.015569210052490234
Clinical Logistic Regression,Clinical,5,2,1.0,0.5,0.4,0.5,0.4444444444444444,0.5416666666666667,0.011832237243652344,0.018310546875
Clinical Logistic Regression,Clinical,5,3,1.0,0.7,0.6,0.75,0.6666666666666666,0.8333333333333334,0.013121843338012695,0.014194011688232422
Clinical Logistic Regression,Clinical,5,4,1.0,0.8888888888888888,0.8,1.0,0.8888888888888888,0.9500000000000001,0.012231111526489258,0.014541149139404297
Clinical Logistic Regression,Clinical,5,5,1.0,0.7777777777777778,0.75,0.75,0.75,0.9,0.012030839920043945,0.014570474624633789
Clinical Logistic Regression,Clinical,6,1,1.0,0.7,0.6,0.75,0.6666666666666666,0.7083333333333333,0.01325845718383789,0.014368772506713867
Clinical Logistic Regression,Clinical,6,2,0.9736842105263158,0.8,0.75,0.75,0.75,0.8333333333333334,0.014198780059814453,0.013494491577148438
Clinical Logistic Regression,Clinical,6,3,0.9736842105263158,1.0,1.0,1.0,1.0,1.0,0.012725591659545898,0.012529611587524414
Clinical Logistic Regression,Clinical,6,4,1.0,0.8888888888888888,0.8,1.0,0.8888888888888888,0.8500000000000001,0.013824701309204102,0.017360448837280273
Clinical Logistic Regression,Clinical,6,5,1.0,0.4444444444444444,0.4,0.5,0.4444444444444444,0.5,0.013914823532104492,0.01553964614868164
Clinical Logistic Regression,Clinical,7,1,1.0,0.5,0.3333333333333333,0.25,0.2857142857142857,0.7083333333333333,0.011794567108154297,0.015557527542114258
Clinical Logistic Regression,Clinical,7,2,1.0,0.5,0.4,0.5,0.4444444444444444,0.7083333333333334,0.012466192245483398,0.014840364456176758
Clinical Logistic Regression,Clinical,7,3,0.9736842105263158,0.9,1.0,0.75,0.8571428571428571,0.75,0.011595010757446289,0.014199256896972656
Clinical Logistic Regression,Clinical,7,4,1.0,0.7777777777777778,0.6666666666666666,1.0,0.8,0.65,0.013512372970581055,0.013971328735351562
Clinical Logistic Regression,Clinical,7,5,1.0,0.8888888888888888,0.8,1.0,0.8888888888888888,0.9,0.013116836547851562,0.015616416931152344
Clinical Logistic Regression,Clinical,8,1,1.0,0.8,0.75,0.75,0.75,0.9583333333333334,0.011681318283081055,0.015196084976196289
Clinical Logistic Regression,Clinical,8,2,1.0,0.8,0.75,0.75,0.75,0.75,0.011749744415283203,0.013057231903076172
Clinical Logistic Regression,Clinical,8,3,1.0,0.7,0.6666666666666666,0.5,0.5714285714285714,0.7083333333333334,0.011302709579467773,0.014675140380859375
Clinical Logistic Regression,Clinical,8,4,1.0,0.4444444444444444,0.3333333333333333,0.25,0.2857142857142857,0.5,0.011515617370605469,0.015496492385864258
Clinical Logistic Regression,Clinical,8,5,1.0,0.6666666666666666,0.6,0.75,0.6666666666666666,0.85,0.012722969055175781,0.015614748001098633
Clinical Logistic Regression,Clinical,9,1,0.9736842105263158,0.8,0.75,0.75,0.75,0.8333333333333333,0.011782169342041016,0.015222787857055664
Clinical Logistic Regression,Clinical,9,2,1.0,0.7,0.6,0.75,0.6666666666666666,0.7083333333333334,0.012166023254394531,0.015163183212280273
Clinical Logistic Regression,Clinical,9,3,1.0,0.9,0.8,1.0,0.8888888888888888,1.0,0.01227426528930664,0.01434779167175293
Clinical Logistic Regression,Clinical,9,4,1.0,0.6666666666666666,0.6666666666666666,0.5,0.5714285714285714,0.65,0.01213383674621582,0.014393806457519531
Clinical Logistic Regression,Clinical,9,5,0.9743589743589743,0.7777777777777778,0.6666666666666666,1.0,0.8,0.9,0.011689424514770508,0.0139617919921875
Clinical Logistic Regression,Clinical,10,1,1.0,0.6,0.5,0.5,0.5,0.7500000000000001,0.012770891189575195,0.015968799591064453
Clinical Logistic Regression,Clinical,10,2,0.9736842105263158,0.9,0.8,1.0,0.8888888888888888,1.0,0.011826515197753906,0.015915393829345703
Clinical Logistic Regression,Clinical,10,3,1.0,0.8,0.75,0.75,0.75,0.75,0.011929035186767578,0.014952659606933594
Clinical Logistic Regression,Clinical,10,4,1.0,0.4444444444444444,0.42857142857142855,0.75,0.5454545454545454,0.5,0.01305699348449707,0.014252662658691406
Clinical Logistic Regression,Clinical,10,5,1.0,0.6666666666666666,1.0,0.25,0.4,0.65,0.012784481048583984,0.014332056045532227
Clinical Random Forest,Clinical,1,1,1.0,0.8,0.75,0.75,0.75,0.8333333333333334,0.3044309616088867,0.09788036346435547
Clinical Random Forest,Clinical,1,2,1.0,0.3,0.2,0.25,0.2222222222222222,0.5,0.30175137519836426,0.09747934341430664
Clinical Random Forest,Clinical,1,3,1.0,0.8,0.6666666666666666,1.0,0.8,0.6875,0.29729723930358887,0.09753775596618652
Clinical Random Forest,Clinical,1,4,1.0,0.7777777777777778,0.75,0.75,0.75,0.9500000000000001,0.2958695888519287,0.10077905654907227
Clinical Random Forest,Clinical,1,5,1.0,0.7777777777777778,0.75,0.75,0.75,0.85,0.2899918556213379,0.09790587425231934
Clinical Random Forest,Clinical,2,1,1.0,0.6,0.5,1.0,0.6666666666666666,0.7083333333333334,0.3013591766357422,0.09793496131896973
Clinical Random Forest,Clinical,2,2,1.0,0.5,0.3333333333333333,0.25,0.2857142857142857,0.7083333333333333,0.3064908981323242,0.09586405754089355
Clinical Random Forest,Clinical,2,3,1.0,0.6,0.5,0.5,0.5,0.6666666666666667,0.31215929985046387,0.09758758544921875
Clinical Random Forest,Clinical,2,4,1.0,1.0,1.0,1.0,1.0,1.0,0.3264353275299072,0.09836888313293457
Clinical Random Forest,Clinical,2,5,1.0,0.8888888888888888,0.8,1.0,0.8888888888888888,0.8,0.31546950340270996,0.10113930702209473
Clinical Random Forest,Clinical,3,1,1.0,0.6,0.5,0.25,0.3333333333333333,0.75,0.31211090087890625,0.10392308235168457
Clinical Random Forest,Clinical,3,2,1.0,0.8,0.6666666666666666,1.0,0.8,0.8541666666666667,0.30407142639160156,0.09681510925292969
Clinical Random Forest,Clinical,3,3,1.0,0.8,0.75,0.75,0.75,0.8333333333333334,0.29769039154052734,0.09512567520141602
Clinical Random Forest,Clinical,3,4,1.0,0.6666666666666666,0.6666666666666666,0.5,0.5714285714285714,0.9,0.3053462505340576,0.0988156795501709
Clinical Random Forest,Clinical,3,5,1.0,0.6666666666666666,0.6,0.75,0.6666666666666666,0.7000000000000001,0.31088709831237793,0.10073637962341309
Clinical Random Forest,Clinical,4,1,1.0,0.7,0.5714285714285714,1.0,0.7272727272727273,0.875,0.31379103660583496,0.09835171699523926
Clinical Random Forest,Clinical,4,2,1.0,0.8,0.75,0.75,0.75,0.8333333333333334,0.32276320457458496,0.10441708564758301
Clinical Random Forest,Clinical,4,3,1.0,0.9,1.0,0.75,0.8571428571428571,0.9583333333333334,0.33449840545654297,0.10007715225219727
Clinical Random Forest,Clinical,4,4,1.0,0.5555555555555556,0.5,0.5,0.5,0.75,0.3208465576171875,0.15854310989379883
Clinical Random Forest,Clinical,4,5,1.0,0.7777777777777778,0.75,0.75,0.75,0.9,0.3151895999908447,0.09909844398498535
Clinical Random Forest,Clinical,5,1,1.0,0.8,1.0,0.5,0.6666666666666666,0.9583333333333334,0.319490909576416,0.09944319725036621
Clinical Random Forest,Clinical,5,2,1.0,0.4,0.3333333333333333,0.5,0.4,0.5,0.32120347023010254,0.0980372428894043
Clinical Random Forest,Clinical,5,3,1.0,0.8,0.75,0.75,0.75,0.9375,0.3233163356781006,0.1006162166595459
Clinical Random Forest,Clinical,5,4,1.0,0.8888888888888888,0.8,1.0,0.8888888888888888,0.9,0.30571866035461426,0.09690284729003906
Clinical Random Forest,Clinical,5,5,1.0,0.6666666666666666,0.6666666666666666,0.5,0.5714285714285714,0.8500000000000001,0.3138008117675781,0.09409451484680176
Clinical Random Forest,Clinical,6,1,1.0,0.4,0.3333333333333333,0.5,0.4,0.5416666666666667,0.31270313262939453,0.09947443008422852
Clinical Random Forest,Clinical,6,2,1.0,0.8,0.75,0.75,0.75,0.875,0.31254053115844727,0.09849023818969727
Clinical Random Forest,Clinical,6,3,1.0,0.9,1.0,0.75,0.8571428571428571,1.0,0.3117790222167969,0.10362792015075684
Clinical Random Forest,Clinical,6,4,1.0,0.8888888888888888,1.0,0.75,0.8571428571428571,0.9500000000000001,0.3142712116241455,0.09906268119812012
Clinical Random Forest,Clinical,6,5,1.0,0.5555555555555556,0.5,0.75,0.6,0.6,0.31939220428466797,0.09943079948425293
Clinical Random Forest,Clinical,7,1,1.0,0.7,0.6666666666666666,0.5,0.5714285714285714,0.7083333333333334,0.4436197280883789,0.21048331260681152
Clinical Random Forest,Clinical,7,2,1.0,0.7,0.6,0.75,0.6666666666666666,0.7916666666666667,0.29935693740844727,0.08834147453308105
Clinical Random Forest,Clinical,7,3,1.0,0.7,0.6666666666666666,0.5,0.5714285714285714,0.9166666666666667,0.298184871673584,0.09887218475341797
Clinical Random Forest,Clinical,7,4,1.0,0.7777777777777778,0.6666666666666666,1.0,0.8,0.75,0.30226659774780273,0.09641575813293457
Clinical Random Forest,Clinical,7,5,1.0,0.8888888888888888,0.8,1.0,0.8888888888888888,0.9,0.3055849075317383,0.09072041511535645
Clinical Random Forest,Clinical,8,1,1.0,0.9,0.8,1.0,0.8888888888888888,1.0,0.300922155380249,0.09589076042175293
Clinical Random Forest,Clinical,8,2,1.0,0.9,0.8,1.0,0.8888888888888888,0.875,0.3028547763824463,0.09673643112182617
Clinical Random Forest,Clinical,8,3,1.0,0.7,0.6,0.75,0.6666666666666666,0.7083333333333334,0.29537320137023926,0.09623336791992188
Clinical Random Forest,Clinical,8,4,1.0,0.3333333333333333,0.25,0.25,0.25,0.5,0.3028430938720703,0.09726905822753906
Clinical Random Forest,Clinical,8,5,1.0,0.5555555555555556,0.5,0.5,0.5,0.75,0.30526208877563477,0.09537363052368164
Clinical Random Forest,Clinical,9,1,1.0,0.9,0.8,1.0,0.8888888888888888,0.9583333333333334,0.30528736114501953,0.09682369232177734
Clinical Random Forest,Clinical,9,2,1.0,0.6,0.5,0.75,0.6,0.6666666666666667,0.2886331081390381,0.09720802307128906
Clinical Random Forest,Clinical,9,3,1.0,0.8,0.6666666666666666,1.0,0.8,1.0,0.2943880558013916,0.09802460670471191
Clinical Random Forest,Clinical,9,4,1.0,0.5555555555555556,0.5,0.5,0.5,0.75,0.31156349182128906,0.1012723445892334
Clinical Random Forest,Clinical,9,5,1.0,0.6666666666666666,0.6666666666666666,0.5,0.5714285714285714,0.8,0.31572651863098145,0.0957953929901123
Clinical Random Forest,Clinical,10,1,1.0,0.7,0.6,0.75,0.6666666666666666,0.7708333333333334,0.30988264083862305,0.10447955131530762
Clinical Random Forest,Clinical,10,2,1.0,0.9,1.0,0.75,0.8571428571428571,1.0,0.309495210647583,0.0995182991027832
Clinical Random Forest,Clinical,10,3,1.0,0.6,0.5,0.5,0.5,0.7083333333333334,0.31784749031066895,0.0961451530456543
Clinical Random Forest,Clinical,10,4,1.0,0.4444444444444444,0.42857142857142855,0.75,0.5454545454545454,0.65,0.3037302494049072,0.10019159317016602
Clinical Random Forest,Clinical,10,5,1.0,0.8888888888888888,1.0,0.75,0.8571428571428571,0.9500000000000001,0.3186678886413574,0.10173964500427246
Clinical Support Vector Machine,Clinical,1,1,1.0,0.6,0.5,0.5,0.5,0.7916666666666667,0.00960087776184082,0.017560243606567383
Clinical Support Vector Machine,Clinical,1,2,0.9736842105263158,0.3,0.2,0.25,0.2222222222222222,0.5,0.008702754974365234,0.014170646667480469
Clinical Support Vector Machine,Clinical,1,3,1.0,0.8,0.6666666666666666,1.0,0.8,0.7083333333333334,0.008487462997436523,0.014427423477172852
Clinical Support Vector Machine,Clinical,1,4,0.9743589743589743,0.7777777777777778,0.6666666666666666,1.0,0.8,1.0,0.01121068000793457,0.01424717903137207
Clinical Support Vector Machine,Clinical,1,5,0.9743589743589743,0.6666666666666666,0.6666666666666666,0.5,0.5714285714285714,0.9,0.009161710739135742,0.014150381088256836
Clinical Support Vector Machine,Clinical,2,1,0.9736842105263158,0.6,0.5,1.0,0.6666666666666666,0.75,0.008903741836547852,0.015041351318359375
Clinical Support Vector Machine,Clinical,2,2,0.9736842105263158,0.5,0.3333333333333333,0.25,0.2857142857142857,0.5833333333333334,0.00933694839477539,0.014913082122802734
Clinical Support Vector Machine,Clinical,2,3,1.0,0.4,0.25,0.25,0.25,0.5833333333333334,0.00902557373046875,0.015661954879760742
Clinical Support Vector Machine,Clinical,2,4,1.0,1.0,1.0,1.0,1.0,1.0,0.009176492691040039,0.014589309692382812
Clinical Support Vector Machine,Clinical,2,5,1.0,0.7777777777777778,0.75,0.75,0.75,0.8500000000000001,0.009739875793457031,0.014345884323120117
Clinical Support Vector Machine,Clinical,3,1,1.0,0.5,0.3333333333333333,0.25,0.2857142857142857,0.6666666666666666,0.00925755500793457,0.016193866729736328
Clinical Support Vector Machine,Clinical,3,2,0.9736842105263158,0.8,0.75,0.75,0.75,0.7916666666666667,0.008913278579711914,0.01481175422668457
Clinical Support Vector Machine,Clinical,3,3,0.9736842105263158,0.6,0.5,0.75,0.6,0.8333333333333334,0.009230613708496094,0.01608109474182129
Clinical Support Vector Machine,Clinical,3,4,1.0,1.0,1.0,1.0,1.0,1.0,0.00902700424194336,0.01653456687927246
Clinical Support Vector Machine,Clinical,3,5,0.9743589743589743,0.5555555555555556,0.5,0.5,0.5,0.75,0.009280681610107422,0.018689632415771484
Clinical Support Vector Machine,Clinical,4,1,1.0,0.6,0.5,1.0,0.6666666666666666,0.7083333333333334,0.011283397674560547,0.017480134963989258
Clinical Support Vector Machine,Clinical,4,2,0.9736842105263158,0.7,0.6666666666666666,0.5,0.5714285714285714,0.8333333333333334,0.010164499282836914,0.017137765884399414
Clinical Support Vector Machine,Clinical,4,3,0.9736842105263158,0.8,0.75,0.75,0.75,0.875,0.009562492370605469,0.01935434341430664
Clinical Support Vector Machine,Clinical,4,4,0.9743589743589743,0.5555555555555556,0.5,0.5,0.5,0.8,0.008493185043334961,0.01508331298828125
Clinical Support Vector Machine,Clinical,4,5,0.9743589743589743,0.8888888888888888,0.8,1.0,0.8888888888888888,0.9500000000000001,0.008847236633300781,0.015194892883300781
Clinical Support Vector Machine,Clinical,5,1,0.9736842105263158,0.7,0.6666666666666666,0.5,0.5714285714285714,0.75,0.009123563766479492,0.015390396118164062
Clinical Support Vector Machine,Clinical,5,2,0.9736842105263158,0.3,0.2857142857142857,0.5,0.36363636363636365,0.5,0.008691787719726562,0.015706300735473633
Clinical Support Vector Machine,Clinical,5,3,1.0,0.8,0.6666666666666666,1.0,0.8,0.7916666666666667,0.009239912033081055,0.015393972396850586
Clinical Support Vector Machine,Clinical,5,4,0.9743589743589743,0.7777777777777778,0.6666666666666666,1.0,0.8,0.9500000000000001,0.009854555130004883,0.01668238639831543
Clinical Support Vector Machine,Clinical,5,5,1.0,0.8888888888888888,1.0,0.75,0.8571428571428571,0.85,0.01060175895690918,0.017200231552124023
Clinical Support Vector Machine,Clinical,6,1,1.0,0.5,0.4,0.5,0.4444444444444444,0.5833333333333334,0.008909940719604492,0.015177726745605469
Clinical Support Vector Machine,Clinical,6,2,0.9736842105263158,0.8,0.75,0.75,0.75,0.7916666666666667,0.008830070495605469,0.015524625778198242
Clinical Support Vector Machine,Clinical,6,3,0.9473684210526315,0.9,0.8,1.0,0.8888888888888888,1.0,0.010049819946289062,0.016582489013671875
Clinical Support Vector Machine,Clinical,6,4,1.0,0.6666666666666666,0.6666666666666666,0.5,0.5714285714285714,0.9,0.010036230087280273,0.015619754791259766
Clinical Support Vector Machine,Clinical,6,5,0.9743589743589743,0.5555555555555556,0.5,0.75,0.6,0.6,0.010268688201904297,0.015739917755126953
Clinical Support Vector Machine,Clinical,7,1,0.9736842105263158,0.6,0.5,0.5,0.5,0.7083333333333334,0.009258270263671875,0.022183895111083984
Clinical Support Vector Machine,Clinical,7,2,0.9736842105263158,0.7,0.6,0.75,0.6666666666666666,0.7083333333333333,0.010799884796142578,0.016359806060791016
Clinical Support Vector Machine,Clinical,7,3,1.0,0.8,0.75,0.75,0.75,0.9166666666666667,0.011201620101928711,0.017081022262573242
Clinical Support Vector Machine,Clinical,7,4,1.0,0.6666666666666666,0.6,0.75,0.6666666666666666,0.75,0.00910329818725586,0.017843961715698242
Clinical Support Vector Machine,Clinical,7,5,1.0,0.8888888888888888,0.8,1.0,0.8888888888888888,0.8,0.011551141738891602,0.015670299530029297
Clinical Support Vector Machine,Clinical,8,1,0.9736842105263158,0.9,0.8,1.0,0.8888888888888888,1.0,0.009172677993774414,0.01683187484741211
Clinical Support Vector Machine,Clinical,8,2,1.0,0.9,0.8,1.0,0.8888888888888888,0.8333333333333334,0.009851217269897461,0.01611924171447754
Clinical Support Vector Machine,Clinical,8,3,1.0,0.6,0.5,0.75,0.6,0.625,0.009351015090942383,0.016618967056274414
Clinical Support Vector Machine,Clinical,8,4,0.9743589743589743,0.5555555555555556,0.5,0.5,0.5,0.44999999999999996,0.009341955184936523,0.016682147979736328
Clinical Support Vector Machine,Clinical,8,5,0.9743589743589743,0.6666666666666666,0.6,0.75,0.6666666666666666,0.75,0.008704185485839844,0.015605926513671875
Clinical Support Vector Machine,Clinical,9,1,0.9736842105263158,0.8,0.75,0.75,0.75,0.8333333333333334,0.009053230285644531,0.016528606414794922
Clinical Support Vector Machine,Clinical,9,2,1.0,0.7,0.6,0.75,0.6666666666666666,0.7083333333333333,0.009311676025390625,0.016126632690429688
Clinical Support Vector Machine,Clinical,9,3,0.9210526315789473,0.5,0.4444444444444444,1.0,0.6153846153846154,1.0,0.009347677230834961,0.014955282211303711
Clinical Support Vector Machine,Clinical,9,4,0.9743589743589743,0.5555555555555556,0.5,0.5,0.5,0.7,0.008852958679199219,0.01603555679321289
Clinical Support Vector Machine,Clinical,9,5,1.0,0.5555555555555556,0.5,0.5,0.5,0.75,0.009841203689575195,0.01679539680480957
Clinical Support Vector Machine,Clinical,10,1,0.9736842105263158,0.7,0.6,0.75,0.6666666666666666,0.625,0.009566307067871094,0.015713214874267578
Clinical Support Vector Machine,Clinical,10,2,1.0,0.8,0.75,0.75,0.75,0.9583333333333334,0.008711814880371094,0.01682758331298828
Clinical Support Vector Machine,Clinical,10,3,0.9736842105263158,0.6,0.5,0.5,0.5,0.7083333333333333,0.008706808090209961,0.016691923141479492
Clinical Support Vector Machine,Clinical,10,4,0.9743589743589743,0.4444444444444444,0.42857142857142855,0.75,0.5454545454545454,0.65,0.009302139282226562,0.015477895736694336
Clinical Support Vector Machine,Clinical,10,5,1.0,0.6666666666666666,1.0,0.25,0.4,0.9,0.008949756622314453,0.015886545181274414
Multimodal XGBoost,Multimodal,1,1,1.0,0.6,0.5,0.5,0.5,0.5833333333333334,0.07106709480285645,0.024890899658203125
Multimodal XGBoost,Multimodal,1,2,1.0,0.4,0.3333333333333333,0.5,0.4,0.41666666666666663,0.07549738883972168,0.03527069091796875
Multimodal XGBoost,Multimodal,1,3,1.0,0.8,0.6666666666666666,1.0,0.8,0.9166666666666667,0.08115720748901367,0.024720430374145508
Multimodal XGBoost,Multimodal,1,4,1.0,0.8888888888888888,1.0,0.75,0.8571428571428571,1.0,0.08377456665039062,0.024305343627929688
Multimodal XGBoost,Multimodal,1,5,1.0,0.6666666666666666,1.0,0.25,0.4,0.9,0.0740365982055664,0.033355712890625
Multimodal XGBoost,Multimodal,2,1,1.0,0.6,0.5,1.0,0.6666666666666666,0.8333333333333334,0.06896853446960449,0.026714563369750977
Multimodal XGBoost,Multimodal,2,2,1.0,0.6,0.5,0.25,0.3333333333333333,0.8333333333333334,0.06875848770141602,0.0253450870513916
Multimodal XGBoost,Multimodal,2,3,1.0,0.5,0.3333333333333333,0.25,0.2857142857142857,0.7083333333333334,0.06920337677001953,0.026415348052978516
Multimodal XGBoost,Multimodal,2,4,1.0,0.7777777777777778,1.0,0.5,0.6666666666666666,1.0,0.07376432418823242,0.026026248931884766
Multimodal XGBoost,Multimodal,2,5,1.0,0.5555555555555556,0.5,0.25,0.3333333333333333,0.8,0.08141660690307617,0.024532318115234375
Multimodal XGBoost,Multimodal,3,1,1.0,0.6,0.0,0.0,0.0,0.9166666666666667,0.08369946479797363,0.02659130096435547
Multimodal XGBoost,Multimodal,3,2,1.0,0.7,0.6,0.75,0.6666666666666666,0.7916666666666667,0.07320618629455566,0.028773784637451172
Multimodal XGBoost,Multimodal,3,3,1.0,0.5,0.3333333333333333,0.25,0.2857142857142857,0.4166666666666667,0.06981205940246582,0.025557994842529297
Multimodal XGBoost,Multimodal,3,4,1.0,0.8888888888888888,1.0,0.75,0.8571428571428571,1.0,0.06712555885314941,0.033443450927734375
Multimodal XGBoost,Multimodal,3,5,1.0,0.4444444444444444,0.3333333333333333,0.25,0.2857142857142857,0.65,0.07731914520263672,0.03122544288635254
Multimodal XGBoost,Multimodal,4,1,1.0,0.8,0.6666666666666666,1.0,0.8,0.7916666666666667,0.0720057487487793,0.025148391723632812
Multimodal XGBoost,Multimodal,4,2,1.0,0.9,1.0,0.75,0.8571428571428571,0.9166666666666667,0.11289501190185547,0.027800559997558594
Multimodal XGBoost,Multimodal,4,3,1.0,0.9,1.0,0.75,0.8571428571428571,1.0,0.06953620910644531,0.027581453323364258
Multimodal XGBoost,Multimodal,4,4,1.0,0.6666666666666666,0.6666666666666666,0.5,0.5714285714285714,0.75,0.07321548461914062,0.027708053588867188
Multimodal XGBoost,Multimodal,4,5,1.0,0.7777777777777778,0.75,0.75,0.75,0.8,0.07505512237548828,0.033264875411987305
Multimodal XGBoost,Multimodal,5,1,1.0,0.8,1.0,0.5,0.6666666666666666,0.875,0.07323217391967773,0.026505231857299805
Multimodal XGBoost,Multimodal,5,2,1.0,0.2,0.16666666666666666,0.25,0.2,0.375,0.07117938995361328,0.025127887725830078
Multimodal XGBoost,Multimodal,5,3,1.0,0.9,0.8,1.0,0.8888888888888888,0.9166666666666667,0.07706236839294434,0.028848886489868164
Multimodal XGBoost,Multimodal,5,4,1.0,0.7777777777777778,0.75,0.75,0.75,0.7,0.08563637733459473,0.026479244232177734
Multimodal XGBoost,Multimodal,5,5,1.0,0.7777777777777778,0.75,0.75,0.75,0.8,0.09498786926269531,0.02746129035949707
Multimodal XGBoost,Multimodal,6,1,1.0,0.5,0.4,0.5,0.4444444444444444,0.5,0.0865318775177002,0.029237985610961914
Multimodal XGBoost,Multimodal,6,2,1.0,0.8,1.0,0.5,0.6666666666666666,0.8333333333333333,0.08063197135925293,0.0296480655670166
Multimodal XGBoost,Multimodal,6,3,1.0,1.0,1.0,1.0,1.0,1.0,0.09259653091430664,0.02714991569519043
Multimodal XGBoost,Multimodal,6,4,1.0,0.7777777777777778,0.75,0.75,0.75,0.9500000000000001,0.07246971130371094,0.025670528411865234
Multimodal XGBoost,Multimodal,6,5,1.0,0.5555555555555556,0.5,0.75,0.6,0.6,0.07138705253601074,0.035385847091674805
Multimodal XGBoost,Multimodal,7,1,1.0,0.7,0.6666666666666666,0.5,0.5714285714285714,0.75,0.07072663307189941,0.02633500099182129
Multimodal XGBoost,Multimodal,7,2,1.0,0.7,0.6666666666666666,0.5,0.5714285714285714,0.75,0.1043250560760498,0.027306318283081055
Multimodal XGBoost,Multimodal,7,3,1.0,0.8,1.0,0.5,0.6666666666666666,0.9583333333333334,0.09357333183288574,0.02653217315673828
Multimodal XGBoost,Multimodal,7,4,1.0,0.5555555555555556,0.5,0.5,0.5,0.7,0.10332107543945312,0.028289794921875
Multimodal XGBoost,Multimodal,7,5,1.0,0.8888888888888888,0.8,1.0,0.8888888888888888,1.0,0.11459755897521973,0.03660941123962402
Multimodal XGBoost,Multimodal,8,1,1.0,0.9,0.8,1.0,0.8888888888888888,1.0,0.10000371932983398,0.026143312454223633
Multimodal XGBoost,Multimodal,8,2,1.0,0.8,0.75,0.75,0.75,0.875,0.08125472068786621,0.02593231201171875
Multimodal XGBoost,Multimodal,8,3,1.0,0.5,0.0,0.0,0.0,0.6666666666666667,0.08247041702270508,0.03742337226867676
Multimodal XGBoost,Multimodal,8,4,1.0,0.3333333333333333,0.25,0.25,0.25,0.5,0.0802152156829834,0.02580404281616211
Multimodal XGBoost,Multimodal,8,5,1.0,0.6666666666666666,0.6666666666666666,0.5,0.5714285714285714,0.8500000000000001,0.07926630973815918,0.030190467834472656
Multimodal XGBoost,Multimodal,9,1,1.0,0.7,0.6666666666666666,0.5,0.5714285714285714,0.875,0.07966184616088867,0.025744915008544922
Multimodal XGBoost,Multimodal,9,2,1.0,0.8,1.0,0.5,0.6666666666666666,0.7916666666666667,0.07593679428100586,0.026731491088867188
Multimodal XGBoost,Multimodal,9,3,1.0,0.7,0.6,0.75,0.6666666666666666,0.7500000000000001,0.07428312301635742,0.026974916458129883
Multimodal XGBoost,Multimodal,9,4,1.0,0.6666666666666666,0.6666666666666666,0.5,0.5714285714285714,0.7000000000000001,0.07731103897094727,0.03209948539733887
Multimodal XGBoost,Multimodal,9,5,1.0,0.7777777777777778,0.75,0.75,0.75,0.8500000000000001,0.09564399719238281,0.028162002563476562
Multimodal XGBoost,Multimodal,10,1,1.0,0.6,0.5,0.5,0.5,0.7083333333333334,0.07329249382019043,0.02746748924255371
Multimodal XGBoost,Multimodal,10,2,1.0,0.6,0.5,0.25,0.3333333333333333,0.8333333333333334,0.0723257064819336,0.02547931671142578
Multimodal XGBoost,Multimodal,10,3,1.0,0.6,0.5,0.25,0.3333333333333333,0.6666666666666667,0.07053565979003906,0.026458024978637695
Multimodal XGBoost,Multimodal,10,4,1.0,0.4444444444444444,0.42857142857142855,0.75,0.5454545454545454,0.5,0.07245016098022461,0.024574995040893555
Multimodal XGBoost,Multimodal,10,5,1.0,0.7777777777777778,1.0,0.5,0.6666666666666666,1.0,0.06695032119750977,0.032000064849853516
