Feature_Set,Model,Fold,Train_Accuracy,Validation_Accuracy,Validation_Precision,Validation_Recall,Validation_F1,Validation_ROC_AUC,Fit_Time_Seconds,Score_Time_Seconds
Clinical,Logistic Regression,1,1.0,0.8,0.75,0.75,0.75,0.7916666666666667,0.02366948127746582,0.023941516876220703
Clinical,Logistic Regression,2,1.0,0.4,0.25,0.25,0.25,0.5,0.021393299102783203,0.028141021728515625
Clinical,Logistic Regression,3,1.0,0.8,0.6666666666666666,1.0,0.8,0.7916666666666667,0.025876283645629883,0.032106876373291016
Clinical,Logistic Regression,4,1.0,0.7777777777777778,1.0,0.5,0.6666666666666666,0.7,0.04786872863769531,0.03467917442321777
Clinical,Logistic Regression,5,1.0,0.7777777777777778,0.75,0.75,0.75,0.7000000000000001,0.01819443702697754,0.02057647705078125
Clinical,Decision Tree,1,1.0,0.6,0.5,0.5,0.5,0.5833333333333334,0.011482477188110352,0.020951032638549805
Clinical,Decision Tree,2,1.0,0.6,0.5,0.75,0.6,0.625,0.013885974884033203,0.02920055389404297
Clinical,Decision Tree,3,1.0,0.7,0.6,0.75,0.6666666666666666,0.7083333333333334,0.015231132507324219,0.030626296997070312
Clinical,Decision Tree,4,1.0,0.5555555555555556,0.5,0.5,0.5,0.5499999999999999,0.016382932662963867,0.024326562881469727
Clinical,Decision Tree,5,1.0,0.7777777777777778,0.75,0.75,0.75,0.7750000000000001,0.016583681106567383,0.021993160247802734
Clinical,Random Forest,1,1.0,0.8,0.75,0.75,0.75,0.8333333333333334,0.5594632625579834,0.18343448638916016
Clinical,Random Forest,2,1.0,0.3,0.2,0.25,0.2222222222222222,0.5,0.553048849105835,0.18024301528930664
Clinical,Random Forest,3,1.0,0.8,0.6666666666666666,1.0,0.8,0.6875,0.5710959434509277,0.195556640625
Clinical,Random Forest,4,1.0,0.7777777777777778,0.75,0.75,0.75,0.9500000000000001,0.5476586818695068,0.12910938262939453
Clinical,Random Forest,5,1.0,0.7777777777777778,0.75,0.75,0.75,0.85,0.4383046627044678,0.12527012825012207
Clinical,Gradient Boosting,1,1.0,0.6,0.5,0.25,0.3333333333333333,0.625,0.11466646194458008,0.034002065658569336
Clinical,Gradient Boosting,2,1.0,0.5,0.4,0.5,0.4444444444444444,0.45833333333333337,0.11663603782653809,0.031213998794555664
Clinical,Gradient Boosting,3,1.0,0.7,0.6,0.75,0.6666666666666666,0.7916666666666667,0.11787128448486328,0.03340578079223633
Clinical,Gradient Boosting,4,1.0,0.7777777777777778,0.75,0.75,0.75,0.9,0.11667895317077637,0.035744667053222656
Clinical,Gradient Boosting,5,1.0,0.5555555555555556,0.5,0.25,0.3333333333333333,0.6,0.10722947120666504,0.031687259674072266
Clinical,XGBoost,1,0.9736842105263158,0.7,0.6666666666666666,0.5,0.5714285714285714,0.875,0.1477200984954834,0.03726315498352051
Clinical,XGBoost,2,0.9736842105263158,0.4,0.25,0.25,0.25,0.45833333333333337,0.08289861679077148,0.034502506256103516
Clinical,XGBoost,3,1.0,0.8,0.6666666666666666,1.0,0.8,0.7083333333333334,0.09137630462646484,0.03501105308532715
Clinical,XGBoost,4,1.0,0.7777777777777778,0.75,0.75,0.75,0.9500000000000001,0.0918889045715332,0.027385234832763672
Clinical,XGBoost,5,1.0,0.5555555555555556,0.5,0.5,0.5,0.75,0.08745837211608887,0.03547048568725586
Clinical,Support Vector Machine,1,1.0,0.6,0.5,0.5,0.5,0.7916666666666667,0.02060413360595703,0.03583526611328125
Clinical,Support Vector Machine,2,0.9736842105263158,0.3,0.2,0.25,0.2222222222222222,0.5,0.013038396835327148,0.018689870834350586
Clinical,Support Vector Machine,3,1.0,0.8,0.6666666666666666,1.0,0.8,0.7083333333333334,0.010868310928344727,0.019053936004638672
Clinical,Support Vector Machine,4,0.9743589743589743,0.7777777777777778,0.6666666666666666,1.0,0.8,1.0,0.010637760162353516,0.01957225799560547
Clinical,Support Vector Machine,5,0.9743589743589743,0.6666666666666666,0.6666666666666666,0.5,0.5714285714285714,0.9,0.010793209075927734,0.023968219757080078
MRI,Logistic Regression,1,0.7631578947368421,0.3,0.0,0.0,0.0,0.20833333333333334,0.010299444198608398,0.017002582550048828
MRI,Logistic Regression,2,0.8421052631578947,0.5,0.42857142857142855,0.75,0.5454545454545454,0.5833333333333333,0.009467363357543945,0.015228986740112305
MRI,Logistic Regression,3,0.7631578947368421,0.7,0.6,0.75,0.6666666666666666,0.7083333333333334,0.009565353393554688,0.016738414764404297
MRI,Logistic Regression,4,0.7692307692307693,0.5555555555555556,0.0,0.0,0.0,0.85,0.011823892593383789,0.017712831497192383
MRI,Logistic Regression,5,0.8205128205128205,0.6666666666666666,0.6666666666666666,0.5,0.5714285714285714,0.45,0.011870384216308594,0.0161592960357666
MRI,Decision Tree,1,1.0,0.4,0.25,0.25,0.25,0.375,0.010415077209472656,0.021643400192260742
MRI,Decision Tree,2,1.0,0.4,0.25,0.25,0.25,0.375,0.011703252792358398,0.025249719619750977
MRI,Decision Tree,3,1.0,0.5,0.4,0.5,0.4444444444444444,0.5,0.008790254592895508,0.02098536491394043
MRI,Decision Tree,4,1.0,0.5555555555555556,0.5,0.25,0.3333333333333333,0.525,0.006379842758178711,0.013640165328979492
MRI,Decision Tree,5,1.0,0.5555555555555556,0.5,0.5,0.5,0.5499999999999999,0.005899190902709961,0.016134977340698242
MRI,Random Forest,1,1.0,0.3,0.0,0.0,0.0,0.2916666666666667,0.46010923385620117,0.12487959861755371
MRI,Random Forest,2,1.0,0.4,0.375,0.75,0.5,0.4375,0.51688551902771,0.16030025482177734
MRI,Random Forest,3,1.0,0.7,0.6666666666666666,0.5,0.5714285714285714,0.7083333333333334,0.5531830787658691,0.16487908363342285
MRI,Random Forest,4,1.0,0.6666666666666666,0.6666666666666666,0.5,0.5714285714285714,0.775,0.5496411323547363,0.16066288948059082
MRI,Random Forest,5,1.0,0.6666666666666666,1.0,0.25,0.4,0.5,0.5833585262298584,0.16469955444335938
MRI,Gradient Boosting,1,1.0,0.5,0.4,0.5,0.4444444444444444,0.5,0.10361886024475098,0.02412581443786621
MRI,Gradient Boosting,2,1.0,0.5,0.4,0.5,0.4444444444444444,0.375,0.10271263122558594,0.02440953254699707
MRI,Gradient Boosting,3,1.0,0.5,0.4,0.5,0.4444444444444444,0.5833333333333333,0.09505724906921387,0.02090620994567871
MRI,Gradient Boosting,4,1.0,0.5555555555555556,0.5,0.25,0.3333333333333333,0.6,0.06530141830444336,0.015981674194335938
MRI,Gradient Boosting,5,1.0,0.5555555555555556,0.5,0.25,0.3333333333333333,0.5,0.06943964958190918,0.015460014343261719
MRI,XGBoost,1,0.9736842105263158,0.3,0.0,0.0,0.0,0.3333333333333333,0.11941337585449219,0.025217294692993164
MRI,XGBoost,2,1.0,0.4,0.3333333333333333,0.5,0.4,0.625,0.08257055282592773,0.025197982788085938
MRI,XGBoost,3,1.0,0.6,0.5,0.25,0.3333333333333333,0.6666666666666666,0.08410882949829102,0.02444911003112793
MRI,XGBoost,4,1.0,0.6666666666666666,0.6666666666666666,0.5,0.5714285714285714,0.75,0.07844710350036621,0.02448892593383789
MRI,XGBoost,5,1.0,0.4444444444444444,0.0,0.0,0.0,0.39999999999999997,0.08640837669372559,0.02241992950439453
MRI,Support Vector Machine,1,0.7105263157894737,0.4,0.3333333333333333,0.5,0.4,0.25,0.008525848388671875,0.020082712173461914
MRI,Support Vector Machine,2,0.7368421052631579,0.4,0.3333333333333333,0.5,0.4,0.4583333333333333,0.00892019271850586,0.019647598266601562
MRI,Support Vector Machine,3,0.7894736842105263,0.5,0.3333333333333333,0.25,0.2857142857142857,0.5833333333333333,0.006289005279541016,0.013698816299438477
MRI,Support Vector Machine,4,0.7435897435897436,0.6666666666666666,0.6666666666666666,0.5,0.5714285714285714,0.7,0.006700038909912109,0.01576709747314453
MRI,Support Vector Machine,5,0.7435897435897436,0.5555555555555556,0.5,0.5,0.5,0.45,0.0068933963775634766,0.014707088470458984
Multimodal,Logistic Regression,1,1.0,0.3,0.0,0.0,0.0,0.5,0.015727996826171875,0.01892995834350586
Multimodal,Logistic Regression,2,1.0,0.5,0.3333333333333333,0.25,0.2857142857142857,0.45833333333333337,0.01653146743774414,0.023040056228637695
Multimodal,Logistic Regression,3,1.0,0.7,0.6,0.75,0.6666666666666666,0.7916666666666667,0.01750016212463379,0.020348072052001953
Multimodal,Logistic Regression,4,1.0,0.7777777777777778,1.0,0.5,0.6666666666666666,0.75,0.01703190803527832,0.020190954208374023
Multimodal,Logistic Regression,5,1.0,0.6666666666666666,0.6,0.75,0.6666666666666666,0.7000000000000001,0.01523447036743164,0.02008223533630371
Multimodal,Decision Tree,1,1.0,0.8,0.6666666666666666,1.0,0.8,0.8333333333333334,0.012096881866455078,0.02321004867553711
Multimodal,Decision Tree,2,1.0,0.6,0.5,0.75,0.6,0.625,0.010105371475219727,0.01947498321533203
Multimodal,Decision Tree,3,1.0,0.6,0.5,0.75,0.6,0.625,0.011877775192260742,0.024668216705322266
Multimodal,Decision Tree,4,1.0,0.5555555555555556,0.5,0.5,0.5,0.5499999999999999,0.013959169387817383,0.019286632537841797
Multimodal,Decision Tree,5,1.0,0.7777777777777778,1.0,0.5,0.6666666666666666,0.75,0.014433622360229492,0.023398399353027344
Multimodal,Random Forest,1,1.0,0.4,0.25,0.25,0.25,0.5,0.48985838890075684,0.17386698722839355
Multimodal,Random Forest,2,1.0,0.4,0.3333333333333333,0.5,0.4,0.4583333333333333,0.4774208068847656,0.13536381721496582
Multimodal,Random Forest,3,1.0,0.8,0.6666666666666666,1.0,0.8,0.8333333333333334,0.43303728103637695,0.1494004726409912
Multimodal,Random Forest,4,1.0,1.0,1.0,1.0,1.0,1.0,0.5742878913879395,0.1667320728302002
Multimodal,Random Forest,5,1.0,0.8888888888888888,1.0,0.75,0.8571428571428571,0.85,0.6173713207244873,0.1870720386505127
Multimodal,Gradient Boosting,1,1.0,0.4,0.25,0.25,0.25,0.625,0.12365245819091797,0.03128242492675781
Multimodal,Gradient Boosting,2,1.0,0.6,0.5,0.75,0.6,0.5833333333333334,0.12148857116699219,0.02020549774169922
Multimodal,Gradient Boosting,3,1.0,0.5,0.4,0.5,0.4444444444444444,0.75,0.07458043098449707,0.02100205421447754
Multimodal,Gradient Boosting,4,1.0,0.6666666666666666,0.6666666666666666,0.5,0.5714285714285714,0.9,0.07769513130187988,0.02064228057861328
Multimodal,Gradient Boosting,5,1.0,0.7777777777777778,1.0,0.5,0.6666666666666666,0.8,0.09820127487182617,0.023182153701782227
Multimodal,XGBoost,1,1.0,0.6,0.5,0.5,0.5,0.5833333333333334,0.12402701377868652,0.03103041648864746
Multimodal,XGBoost,2,1.0,0.4,0.3333333333333333,0.5,0.4,0.41666666666666663,0.07740402221679688,0.027405977249145508
Multimodal,XGBoost,3,1.0,0.8,0.6666666666666666,1.0,0.8,0.9166666666666667,0.07837486267089844,0.0311887264251709
Multimodal,XGBoost,4,1.0,0.8888888888888888,1.0,0.75,0.8571428571428571,1.0,0.0868520736694336,0.02767014503479004
Multimodal,XGBoost,5,1.0,0.6666666666666666,1.0,0.25,0.4,0.9,0.07916831970214844,0.030846834182739258
Multimodal,Support Vector Machine,1,1.0,0.5,0.4,0.5,0.4444444444444444,0.5416666666666666,0.01680898666381836,0.026513099670410156
Multimodal,Support Vector Machine,2,0.9736842105263158,0.3,0.2,0.25,0.2222222222222222,0.45833333333333337,0.013809442520141602,0.020879507064819336
Multimodal,Support Vector Machine,3,1.0,0.7,0.5714285714285714,1.0,0.7272727272727273,0.7083333333333333,0.01044011116027832,0.020128488540649414
Multimodal,Support Vector Machine,4,0.9743589743589743,0.7777777777777778,0.6666666666666666,1.0,0.8,1.0,0.010855674743652344,0.019691944122314453
Multimodal,Support Vector Machine,5,0.9743589743589743,0.6666666666666666,0.6666666666666666,0.5,0.5714285714285714,0.8,0.011289358139038086,0.02159857749938965
